{"area": 12554.237623762376, "bounding_box_h": 156.4037403740374, "bounding_box_w": 196.54895489548954, "bounding_box_x": 202.3861386138614, "bounding_box_y": 130.08360836083608, "centroid_x": 299.7007700770077, "centroid_y": 209.96369636963698, "circularity": 0.30301210204359347, "compactness": 5.307906199202457, "diameter": 222.71884174577735, "eccentricity": 0.527144050332388, "perimeter": 805.051705170517, "rectangularity": 0.5259470358789932, "skeleton_length": 365.983498349835}