{"1": {"area": -0.16656603154482397, "bounding_box_h": -0.4226640155736821, "bounding_box_w": 0.8315246220157836, "bounding_box_x": -0.6984322873041711, "bounding_box_y": 0.15920356704062286, "centroid_x": -0.09721105423308407, "centroid_y": -0.12056534067995689, "circularity": -0.40108449286287007, "compactness": -0.19332271527058398, "diameter": 0.3915762475846895, "eccentricity": 0.009225215560683639, "perimeter": 0.05029841032222881, "rectangularity": -0.8882049667387967, "skeleton_length": 0.1384856151709396}, "10": {"area": -0.2117219542249951, "bounding_box_h": -0.17980586756073824, "bounding_box_w": 0.32566753063806597, "bounding_box_x": 0.5349333254388913, "bounding_box_y": 0.268382022295188, "centroid_x": 1.1602447430199743, "centroid_y": 0.4320089182011189, "circularity": -0.34179337833144996, "compactness": -0.2578751682784062, "diameter": 0.03842247609644644, "eccentricity": 0.5183639484588507, "perimeter": -0.08020144277325818, "rectangularity": -0.6319911149311681, "skeleton_length": -0.059195641409437345}, "11": {"area": -0.19690795587537374, "bounding_box_h": 0.25733879886256067, "bounding_box_w": 0.11489374256401692, "bounding_box_x": -0.9382533786708775, "bounding_box_y": 0.15920356704062286, "centroid_x": -1.2975097697928215, "centroid_y": 0.5548031979524691, "circularity": -0.36415809976920466, "compactness": -0.23435939602051187, "diameter": 0.08280780360424803, "eccentricity": 0.34062164804559497, "perimeter": -0.03389504328776279, "rectangularity": -0.6466965202265867, "skeleton_length": -0.2041618962350471}, "12": {"area": -1.2001547597696103, "bounding_box_h": 1.034484872503981, "bounding_box_w": -1.3816001527617312, "bounding_box_x": 1.1173559759008929, "bounding_box_y": 0.6505066156861659, "centroid_x": 0.47435976270012425, "centroid_y": 1.1073774568335448, "circularity": -0.3615591369166675, "compactness": -0.23714207376067142, "diameter": 0.09830629500974955, "eccentricity": -0.7951371751373837, "perimeter": -0.9979100871221667, "rectangularity": -0.692929788446932, "skeleton_length": -0.9026356694857123}, "2": {"area": -1.1833774604338947, "bounding_box_h": -1.7583838296448733, "bounding_box_w": 0.7682924855935689, "bounding_box_x": -0.561391663666053, "bounding_box_y": 0.9234527538225786, "centroid_x": 0.017103109153557595, "centroid_y": -1.1029195786907584, "circularity": -0.44493617586997486, "compactness": -0.14064513172019472, "diameter": 0.28048956429507077, "eccentricity": -0.9007090532018565, "perimeter": -0.8800392520681785, "rectangularity": -1.0850696368016823, "skeleton_length": -0.34912815106065687}, "3": {"area": -1.2815425097386144, "bounding_box_h": 0.42733950247162134, "bounding_box_w": -0.8125109249617988, "bounding_box_x": -0.42435104002793494, "bounding_box_y": 0.5959173880588833, "centroid_x": -0.8974101979395758, "centroid_y": 0.06362607894706838, "circularity": -0.6036093214639253, "compactness": 0.09596102110753885, "diameter": 0.15269709851359745, "eccentricity": -1.6678760235985242, "perimeter": -0.7832167804166881, "rectangularity": 0.05093786221212517, "skeleton_length": -0.6785969120279517}, "4": {"area": 0.02101845358110428, "bounding_box_h": 0.718769280087154, "bounding_box_w": 0.4942865610973052, "bounding_box_x": -0.08174948093263988, "bounding_box_y": -0.1137425710957899, "centroid_x": 0.8173022528600493, "centroid_y": 0.7389946175794944, "circularity": -0.36566105909004243, "compactness": -0.23274406806692693, "diameter": 0.7656133831409747, "eccentricity": -0.0393427194042562, "perimeter": 0.14291120929321957, "rectangularity": -0.7411427525216355, "skeleton_length": 0.01987686122271343}, "5": {"area": 0.059749027579511914, "bounding_box_h": 0.28162461366385505, "bounding_box_w": 0.8526020008231885, "bounding_box_x": -1.2808549377661727, "bounding_box_y": -0.22292102635035502, "centroid_x": -1.2403526880995008, "centroid_y": 0.5548031979524691, "circularity": -0.37034789018799824, "compactness": -0.22767775482319785, "diameter": 0.8243544331110418, "eccentricity": -0.04934602381324746, "perimeter": 0.1807982634177158, "rectangularity": -0.7501345064483848, "skeleton_length": 0.26368374433851166}, "6": {"area": -1.2512005854080646, "bounding_box_h": 0.5244827616767989, "bounding_box_w": -0.981129955421038, "bounding_box_x": 1.596998158634306, "bounding_box_y": 0.3229712499224705, "centroid_x": 0.7029880894734076, "centroid_y": 0.24781749857409366, "circularity": -0.5305053407939206, "compactness": -0.02327227821307867, "diameter": -0.06574670644095572, "eccentricity": -1.5445683245403334, "perimeter": -0.8505715433046813, "rectangularity": 0.11616100102230524, "skeleton_length": -0.7972056659761779}, "7": {"area": 0.1566647035294444, "bounding_box_h": -0.34980657116979896, "bounding_box_w": 1.569232880274955, "bounding_box_x": -1.3836354054947613, "bounding_box_y": -0.27751025397763757, "centroid_x": -0.09721105423308407, "centroid_y": 0.06362607894706838, "circularity": -0.4258810246461256, "compactness": -0.16409358523772982, "diameter": 1.4316173057337502, "eccentricity": -0.39259684475340123, "perimeter": 0.3533948433181986, "rectangularity": -0.9443906851655877, "skeleton_length": 0.5206693778930016}, "8": {"area": -1.2226434801557826, "bounding_box_h": -2.244100125670761, "bounding_box_w": 0.9790662736676179, "bounding_box_x": -1.0067736904899365, "bounding_box_y": 1.9060588511136645, "centroid_x": -0.21152521761972573, "centroid_y": -0.4889481799340074, "circularity": -0.8058684913413272, "compactness": 0.5684546955430979, "diameter": 0.5771805535990858, "eccentricity": -1.5394938034067325, "perimeter": -0.3075237675202355, "rectangularity": -0.8309852352474463, "skeleton_length": -0.059195641409437345}, "9": {"area": -1.1744533650425564, "bounding_box_h": 1.0101990577026865, "bounding_box_w": -1.4659096679913508, "bounding_box_x": 1.1516161318104223, "bounding_box_y": 0.7050958433134484, "centroid_x": -0.7259389528596132, "centroid_y": 1.1073774568335448, "circularity": -0.2988860332374842, "compactness": -0.30041664536036267, "diameter": -0.039802443569827116, "eccentricity": -0.6759054790921213, "perimeter": -1.035797141246663, "rectangularity": -0.58641711466841, "skeleton_length": -0.9224037951437499}}