{"area": 5602.808778638852, "bounding_box_h": 41.1763001646007, "bounding_box_w": 47.44422962349949, "bounding_box_x": 29.188425255293385, "bounding_box_y": 18.31863251166831, "centroid_x": 17.49564481555496, "centroid_y": 16.287403648198108, "circularity": 0.21000881441115804, "compactness": 3.812907750436535, "diameter": 33.58146431904098, "eccentricity": 0.21125987118233325, "perimeter": 237.54816012947725, "rectangularity": 0.1711346781429808, "skeleton_length": 151.7594562021718}