{"area": 47998.25570175439, "bounding_box_h": 309.425, "bounding_box_w": 377.9298245614035, "bounding_box_x": 413.58662280701753, "bounding_box_y": 261.09605263157897, "centroid_x": 601.6035087719298, "centroid_y": 418.6464912280702, "circularity": 0.3034710950460925, "compactness": 5.676961747837527, "diameter": 433.65840904168914, "eccentricity": 0.5450525384549121, "perimeter": 1569.8322368421052, "rectangularity": 0.5219693083134443, "skeleton_length": 719.8896929824562}