{"area": 24106.67287863343, "bounding_box_h": 81.77703940692032, "bounding_box_w": 97.20654968678363, "bounding_box_x": 59.265393608554824, "bounding_box_y": 36.90747704760653, "centroid_x": 34.60753272499521, "centroid_y": 30.320956739599445, "circularity": 0.2140591739687379, "compactness": 4.918387550419476, "diameter": 68.39824469217976, "eccentricity": 0.22044424017360933, "perimeter": 487.68934189783386, "rectangularity": 0.18213168555430048, "skeleton_length": 309.56202442397284}